2548,4.6,1999,http://ia.media-imdb.com/images/M/MV5BMTMwNzMwNjUyNV5BMl5BanBnXkFtZTcwMzk3MTE3NA@@._V1._SX95_SY140_.jpg,Katt Shea,Emily Bergl|Jason London|Dylan Bruno|J. Smith-Cameron|Amy Irving
2549,4.1,1999,http://ia.media-imdb.com/images/M/MV5BMTc1MDI1MDMyN15BMl5BanBnXkFtZTcwMzgzMTIyMQ@@._V1._SX96_SY140_.jpg,Chris Roberts,Freddie Prinze Jr.|Saffron Burrows|Matthew Lillard|Tchéky Karyo|Jürgen Prochnow
2550,7.6,1963,http://ia.media-imdb.com/images/M/MV5BMTM4NDk5ODA4OF5BMl5BanBnXkFtZTcwOTg3MDAwMQ@@._V1._SX95_SY140_.jpg,Robert Wise,Julie Harris|Claire Bloom|Richard Johnson|Russ Tamblyn|Fay Compton
2551,7.4,1988,http://ia.media-imdb.com/images/M/MV5BMTQ4OTk1NTQyOV5BMl5BanBnXkFtZTcwMjg2NzkyMQ@@._V1._SX100_SY138_.jpg,David Cronenberg,Jeremy Irons|Geneviève Bujold|Heidi von Palleske|Barbara Gordon|Shirley Douglas
2553,7.3,1960,http://ia.media-imdb.com/images/M/MV5BMTU5NzY5NzM5MV5BMl5BanBnXkFtZTcwMjMwMDczMQ@@._V1._SX72_SY140_.jpg,Wolf Rilla,George Sanders|Barbara Shelley|Martin Stephens|Michael Gwynn|Laurence Naismith
2554,6.1,1964,http://ia.media-imdb.com/images/M/MV5BMTM4MDU0MjE5M15BMl5BanBnXkFtZTcwNjkyOTUyMQ@@._V1._SX100_SY123_.jpg,Anton Leader,Ian Hendry|Alan Badel|Barbara Ferris|Alfred Burke|Sheila Allen
2555,2.5,1999,http://ia.media-imdb.com/images/M/MV5BMTgxODAxNzE4NV5BMl5BanBnXkFtZTcwNDMyODYxMQ@@._V1._SX75_SY140_.jpg,Bob Clark,Kathleen Turner|Christopher Lloyd|Kim Cattrall|Peter MacNicol|Dom DeLuise
2558,5.4,1999,http://ia.media-imdb.com/images/M/MV5BMTI4MjYwMzk5MF5BMl5BanBnXkFtZTYwNTY1MzA5._V1._SX97_SY140_.jpg,Bronwen Hughes,Ben Affleck|Sandra Bullock|Maura Tierney|Steve Zahn|Blythe Danner
2559,3.9,1999,http://ia.media-imdb.com/images/M/MV5BMTI4ODA0NTc3NF5BMl5BanBnXkFtZTcwNTAxMjEyMQ@@._V1._SX94_SY140_.jpg,Richard Rich,Miranda Richardson|Christiane Noll|Martin Vidnovic|Ian Richardson|Darrell Hammond
2560,7.1,1999,http://ia.media-imdb.com/images/M/MV5BMjExNTQ0MDE4N15BMl5BanBnXkFtZTcwNjI1NjAzMQ@@._V1._SX99_SY140_.jpg,Antonia Bird,Guy Pearce|Robert Carlyle|David Arquette|Jeremy Davies|Jeffrey Jones
2561,6.5,1999,http://ia.media-imdb.com/images/M/MV5BNjgwMjkxNzY4OV5BMl5BanBnXkFtZTcwNzIyNTY1Mw@@._V1._SX100_SY136_.jpg,Clint Eastwood,Clint Eastwood|Isaiah Washington|LisaGay Hamilton|James Woods|Denis Leary
2562,6.4,1997,http://ia.media-imdb.com/images/M/MV5BMTI1NTEwNjE2M15BMl5BanBnXkFtZTcwNDA0MDcxMQ@@._V1._SX80_SY140_.jpg,Katja von Garnier,Katja Riemann|Jasmin Tabatabai|Nicolette Krebitz|Jutta Hoffmann|Hannes Jaenicke
2563,7.3,1998,http://ia.media-imdb.com/images/M/MV5BMTQzOTYyNDMzMV5BMl5BanBnXkFtZTYwODgzOTE5._V1._SX100_SY136_.jpg,Marshall Herskovitz,Catherine McCormack|Rufus Sewell|Oliver Platt|Fred Ward|Naomi Watts
2565,7.5,1956,http://ia.media-imdb.com/images/M/MV5BMTQyMzk5MDc5Nl5BMl5BanBnXkFtZTgwMDU3MDkwMzE@._V1._SX96_SY140_.jpg,Lex Lang,Deborah Kerr|Yul Brynner|Rita Moreno|Martin Benson|Terry Saunders
2566,5.0,1999,http://ia.media-imdb.com/images/M/MV5BMjA5MTk1OTA1NV5BMl5BanBnXkFtZTYwNDU4NjM5._V1._SX84_SY140_.jpg,Maurice Joyce,Thomas McHugh|Fred Newman|Chris Phillips|Constance Shulman|Frank Welker
2567,6.1,1999,http://ia.media-imdb.com/images/M/MV5BMTIxMzU2MDkzOF5BMl5BanBnXkFtZTcwNjM0NTMyMQ@@._V1._SX99_SY140_.jpg,Ron Howard,Matthew McConaughey|Jenna Elfman|Woody Harrelson|Sally Kirkland|Martin Landau
2568,4.1,1999,http://ia.media-imdb.com/images/M/MV5BMTQyMzgyNTc5Ml5BMl5BanBnXkFtZTcwNzE0ODI1NA@@._V1._SX93_SY140_.jpg,Scott Silver,Claire Danes|Giovanni Ribisi|Omar Epps|Dennis Farina|Josh Brolin
2570,6.6,1999,http://ia.media-imdb.com/images/M/MV5BMTU0MzI4NTQzN15BMl5BanBnXkFtZTcwNTMzNDgxMQ@@._V1._SX99_SY140_.jpg,Tony Goldwyn,Bobby Boriello|Diane Lane|Anna Paquin|Tovah Feldshuh|Liev Schreiber
2571,8.7,1999,http://ia.media-imdb.com/images/M/MV5BMTkxNDYxOTA4M15BMl5BanBnXkFtZTgwNTk0NzQxMTE@._V1._SX94_SY140_.jpg,Andy Wachowski|Lana Wachowski,Keanu Reeves|Laurence Fishburne|Carrie-Anne Moss|Hugo Weaving|Gloria Foster
2572,7.2,1999,http://ia.media-imdb.com/images/M/MV5BMTI4MzU5OTc2MF5BMl5BanBnXkFtZTYwNzQxMjc5._V1._SX98_SY140_.jpg,Gil Junger,Heath Ledger|Julia Stiles|Joseph Gordon-Levitt|Larisa Oleynik|David Krumholtz
2573,7.1,1998,http://ia.media-imdb.com/images/M/MV5BMTYwMDIxMzExMl5BMl5BanBnXkFtZTYwNzY5MDY5._V1._SX96_SY140_.jpg,Carlos Saura,Miguel Ángel Solá|Cecilia Narova|Mía Maestro|Juan Carlos Copes|Carlos Rivarola
2574,5.2,1999,http://ia.media-imdb.com/images/M/MV5BMjAxODIyMzAxN15BMl5BanBnXkFtZTcwODE5MjkyMQ@@._V1._SX98_SY140_.jpg,Sam Weisman,Steve Martin|Goldie Hawn|John Cleese|Mark McKinney|Oliver Hudson
2575,7.5,1998,http://ia.media-imdb.com/images/M/MV5BNjQ3Njc2MTE2OV5BMl5BanBnXkFtZTYwNDAzMTk5._V1._SX93_SY140_.jpg,Erick Zonca,Élodie Bouchez|Natacha Régnier|Grégoire Colin|Patrick Mercado|Jo Prestia
2578,6.2,1997,http://ia.media-imdb.com/images/M/MV5BMTU1NDk1MDgzMF5BMl5BanBnXkFtZTcwNjg3MDMyMQ@@._V1._SX97_SY140_.jpg,Hilary Brougher,Terumi Matthews|Nicole Zaray|Belinda Becker|James Urbaniak|Thomas Pasley
2579,7.6,1998,http://ia.media-imdb.com/images/M/MV5BMjExMzE1NzA5N15BMl5BanBnXkFtZTYwNzA5ODI5._V1._SX99_SY140_.jpg,Christopher Nolan,Jeremy Theobald|Alex Haw|Lucy Russell|John Nolan|Dick Bradsell
2580,7.3,1999,http://ia.media-imdb.com/images/M/MV5BMjAxODU5NDc3Ml5BMl5BanBnXkFtZTYwMjYzNTg4._V1._SX98_SY140_.jpg,Doug Liman,Katie Holmes|Sarah Polley|Suzanne Krull|Desmond Askew|Nathan Bexton
2581,6.0,1999,http://ia.media-imdb.com/images/M/MV5BMTQyODI1Njg3Ml5BMl5BanBnXkFtZTcwNTI0MDcyMQ@@._V1._SX99_SY140_.jpg,Raja Gosnell,Drew Barrymore|David Arquette|Michael Vartan|Molly Shannon|John C. Reilly
2582,6.4,1992,http://ia.media-imdb.com/images/M/MV5BMjA3NTI5NTgzMF5BMl5BanBnXkFtZTYwNDA5MTE5._V1._SX97_SY140_.jpg,Ringo Lam|Hark Tsui,Jackie Chan|Maggie Cheung|Teddy Robin Kwan|Anthony Chan|Philip Chan
2583,6.9,1999,http://ia.media-imdb.com/images/M/MV5BMTI2MDQ4MTY3OV5BMl5BanBnXkFtZTcwMzQyNzEyMQ@@._V1._SX97_SY140_.jpg,Robert Altman,Glenn Close|Julianne Moore|Liv Tyler|Chris O'Donnell|Charles S. Dutton
2585,7.8,1998,http://ia.media-imdb.com/images/M/MV5BMzc0MTIwODQ3Ml5BMl5BanBnXkFtZTcwNDk0MzIzMQ@@._V1._SX99_SY140_.jpg,Julio Medem,Najwa Nimri|Fele Martínez|Nancho Novo|Maru Valdivielso|Peru Medem
2587,6.6,1999,http://ia.media-imdb.com/images/M/MV5BMjAwMTEwMDAwMl5BMl5BanBnXkFtZTcwODk4NDgyMQ@@._V1._SX99_SY140_.jpg,Ted Demme,Eddie Murphy|Martin Lawrence|Obba Babatundé|Nick Cassavetes|Anthony Anderson
2589,4.5,1999,http://ia.media-imdb.com/images/M/MV5BMjEzMDExNzU3MF5BMl5BanBnXkFtZTcwNzM3NTc0MQ@@._V1._SX98_SY140_.jpg,George Haas,Stephen Baldwin|Danny Nucci|George Newbern|Alison Eastwood|Claudia Schiffer
2590,6.1,1998,http://ia.media-imdb.com/images/M/MV5BMTk1MDQ5NzI2M15BMl5BanBnXkFtZTcwNzE0MzEyMQ@@._V1._SX97_SY140_.jpg,Gillies MacKinnon,Kate Winslet|Saïd Taghmaoui|Bella Riza|Carrie Mullan|Pierre Clémenti
2592,6.2,1999,,Bradley Battersby,Martin Landau|Kris Kristofferson|Shawn Hatosy|Heather McComb|Elisabeth Moss
2593,7.5,1994,http://ia.media-imdb.com/images/M/MV5BMTI2ODAwNDc2NF5BMl5BanBnXkFtZTcwMDMyMzIyMQ@@._V1._SX98_SY140_.jpg,Roberto Benigni,Roberto Benigni|Michel Blanc|Nicoletta Braschi|Dominique Lavanant|Jean-Claude Brialy
2594,7.8,1997,http://ia.media-imdb.com/images/M/MV5BMTQ2OTk1NDU4MV5BMl5BanBnXkFtZTYwNTIzNjQ5._V1._SX99_SY140_.jpg,Alejandro Amenábar,Eduardo Noriega|Penélope Cruz|Chete Lera|Fele Martínez|Najwa Nimri
2596,7.5,1998,http://ia.media-imdb.com/images/M/MV5BMjE2ODEzNDY5M15BMl5BanBnXkFtZTcwNzM5NDEzMQ@@._V1._SX77_SY140_.jpg,James Merendino,Matthew Lillard|Michael A. Goorjian|Annabeth Gish|Jennifer Lien|Christopher McDonald
2597,5.0,1999,http://ia.media-imdb.com/images/M/MV5BMjAyNzcwOTIyMl5BMl5BanBnXkFtZTcwMDQ3OTQxMQ@@._V1._SX93_SY140_.jpg,Jeff Pollack,David Spade|Ever Carradine|Stephanie Chang|Neal MacMillan|Shannon Tweed
2598,6.0,1999,http://ia.media-imdb.com/images/M/MV5BMjEwNDE5MTcwOF5BMl5BanBnXkFtZTcwMjk3NjIyMQ@@._V1._SX100_SY140_.jpg,Mike Newell,John Cusack|Billy Bob Thornton|Cate Blanchett|Angelina Jolie|Jake Weber
2599,7.3,1999,http://ia.media-imdb.com/images/M/MV5BMzQxMDcyNzM4M15BMl5BanBnXkFtZTcwNzc1NjIyMQ@@._V1._SX99_SY140_.jpg,Alexander Payne,Matthew Broderick|Reese Witherspoon|Chris Klein|Jessica Campbell|Mark Harelik
2600,6.8,1999,http://ia.media-imdb.com/images/M/MV5BMTUwMjc1NDM2N15BMl5BanBnXkFtZTcwMDQ0MTIyMQ@@._V1._SX99_SY140_.jpg,David Cronenberg,Jennifer Jason Leigh|Jude Law|Ian Holm|Willem Dafoe|Don McKellar
2605,6.2,1999,http://ia.media-imdb.com/images/M/MV5BMTAxNDQzNzAzMDZeQTJeQWpwZ15BbWU4MDYwNjM5OTAx._V1._SX95_SY140_.jpg,Jon Amiel,Sean Connery|Catherine Zeta-Jones|Ving Rhames|Will Patton|Maury Chaykin
2606,6.2,1999,http://ia.media-imdb.com/images/M/MV5BMTIxODA1NjkyM15BMl5BanBnXkFtZTcwNjQ4NDEyMQ@@._V1._SX100_SY140_.jpg,Rodman Flender,Devon Sawa|Seth Green|Elden Henson|Jessica Alba|Vivica A. Fox
2607,7.7,1998,http://ia.media-imdb.com/images/M/MV5BMTYxNDk4MjcyNl5BMl5BanBnXkFtZTcwNDU1MzMzMQ@@._V1._SX99_SY140_.jpg,Simon Shore,Ben Silverstone|Brad Gorton|Charlotte Brittain|Stacy Hart|Kate McEnery
2609,7.6,1996,http://ia.media-imdb.com/images/M/MV5BMTI2MDkxMDEzNl5BMl5BanBnXkFtZTcwMjg2NDUxMQ@@._V1._SX78_SY140_.jpg,Tian-Ming Wu,Zhigang Zhang|Zhigang Zhao|Renying Zhou|Xu Zhu
2611,7.3,1999,http://ia.media-imdb.com/images/M/MV5BMTg2OTU2MTU2N15BMl5BanBnXkFtZTcwNzIyMjA0MQ@@._V1._SX98_SY140_.jpg,David Mamet,Matthew Pidgeon|Rebecca Pidgeon|Gemma Jones|Nigel Hawthorne|Lana Bilzerian
2612,8.0,1945,http://ia.media-imdb.com/images/M/MV5BMTIzNDc4MzMyNl5BMl5BanBnXkFtZTcwMjk5MDAyMQ@@._V1._SX95_SY140_.jpg,Michael Curtiz,Joan Crawford|Jack Carson|Zachary Scott|Eve Arden|Ann Blyth
2613,6.4,1984,http://ia.media-imdb.com/images/M/MV5BMTY5NDIwNDA1NV5BMl5BanBnXkFtZTcwOTUxOTM2NA@@._V1._SX100_SY131_.jpg,Thom Eberhardt,Robert Beltran|Catherine Mary Stewart|Kelli Maroney|Sharon Farrell|Mary Woronov
2614,5.5,1986,http://ia.media-imdb.com/images/M/MV5BODM2NzA3ODY2OV5BMl5BanBnXkFtZTcwNDU1NjYyMQ@@._V1._SX92_SY140_.jpg,Jim Wynorski,Kelli Maroney|Tony O'Dell|Russell Todd|Karrie Emerson|Barbara Crampton
2615,5.9,1985,http://ia.media-imdb.com/images/M/MV5BNzI2MzcyNzg3NV5BMl5BanBnXkFtZTcwMjc3NjUyMQ@@._V1._SX100_SY140_.jpg,Jonathan R. Betuel,John Stockwell|Danielle von Zerneck|Fisher Stevens|Raphael Sbarge|Richard Masur
2616,6.1,1990,http://ia.media-imdb.com/images/M/MV5BMTY5MDczNzI1MF5BMl5BanBnXkFtZTYwNDY1NzQ5._V1._SX97_SY140_.jpg,Warren Beatty,Warren Beatty|Charlie Korsmo|Michael Donovan O'Donnell|Jim Wilkey|Stig Eldred
2617,7.0,1999,http://ia.media-imdb.com/images/M/MV5BMTcwMjQ3Mjk0MV5BMl5BanBnXkFtZTgwNzcxNTYxMTE@._V1._SX93_SY140_.jpg,Stephen Sommers,Brendan Fraser|Rachel Weisz|John Hannah|Arnold Vosloo|Kevin J. O'Connor
2618,7.8,1997,http://ia.media-imdb.com/images/M/MV5BMTY1MTk5Mzk0M15BMl5BanBnXkFtZTYwMzgxNjQ5._V1._SX96_SY140_.jpg,Rob Sitch,Michael Caton|Anne Tenney|Stephen Curry|Anthony Simcoe|Sophie Lee
2620,7.1,1998,http://ia.media-imdb.com/images/M/MV5BNzEyNjQ3MDY0NV5BMl5BanBnXkFtZTcwODgxMDIyMQ@@._V1._SX96_SY140_.jpg,Paul Quinn,James Caan|Jacob Tierney|Colm Meaney|Moira Deady|Susan Almgren
2621,7.5,1998,http://ia.media-imdb.com/images/M/MV5BMjE5NDk3MTQyNF5BMl5BanBnXkFtZTcwODIzNjgxMQ@@._V1._SX100_SY135_.jpg,Joan Chen,Xiaolu Li|Lopsang|Zheng Qian|Jack Kao|Qianqian Li
2622,6.5,1999,http://ia.media-imdb.com/images/M/MV5BMTIyMTU2NTc1N15BMl5BanBnXkFtZTcwNDY1MjgxMQ@@._V1._SX96_SY140_.jpg,Michael Hoffman,Kevin Kline|Michelle Pfeiffer|Rupert Everett|Stanley Tucci|Calista Flockhart
2624,7.8,1998,http://ia.media-imdb.com/images/M/MV5BMTQ4MTg3OTIwMF5BMl5BanBnXkFtZTcwMjg1MDIyMQ@@._V1._SX99_SY140_.jpg,Hirokazu Koreeda,Arata Iura|Erika Oda|Susumu Terajima|Takashi Naitô|Kyôko Kagawa
2626,6.8,1998,http://ia.media-imdb.com/images/M/MV5BMTQ5NDMzODczMF5BMl5BanBnXkFtZTcwMDAxMzAzMQ@@._V1._SX75_SY140_.jpg,David Moreton,Chris Stafford|Tina Holmes|Andersen Gabrych|Stephanie McVay|Lea DeLaria
2627,6.3,1999,http://ia.media-imdb.com/images/M/MV5BMTUxMTQzNDk5Nl5BMl5BanBnXkFtZTcwNjEzNzgxMQ@@._V1._SX78_SY140_.jpg,Leslie Woodhead|Bud Greenspan,Haile Gebrsellasie|Shawananness Gebrselassie|Yonas Zergaw|Tedesse Haile|Bekele Gebrselassie
2628,6.6,1999,http://ia.media-imdb.com/images/M/MV5BMTQ4NjEwNDA2Nl5BMl5BanBnXkFtZTcwNDUyNDQzNw@@._V1._SX94_SY140_.jpg,George Lucas,Liam Neeson|Ewan McGregor|Natalie Portman|Jake Lloyd|Ian McDiarmid
2629,5.4,1999,http://ia.media-imdb.com/images/M/MV5BMTMyOTcyNjk0Ml5BMl5BanBnXkFtZTcwNDc3NTkxMQ@@._V1._SX87_SY140_.jpg,Peter Chan,Kate Capshaw|Blythe Danner|Ellen DeGeneres|Julianne Nicholson|Tom Everett Scott
2630,7.0,1998,http://ia.media-imdb.com/images/M/MV5BMTI0Nzk2MDE5M15BMl5BanBnXkFtZTcwNjQzNDAyMQ@@._V1._SX93_SY140_.jpg,Bernardo Bertolucci,Thandie Newton|David Thewlis|Claudio Santamaria|John C. Ojwang|Massimo De Rossi
2631,4.1,1998,http://ia.media-imdb.com/images/M/MV5BMTY0OTY5NzUzMF5BMl5BanBnXkFtZTcwNzI5MDIyMQ@@._V1._SX77_SY140_.jpg,Amos Poe,José Rafael Arango|Nicole Arlyn|David Cale|Nick Chinlund|Robbie Coltrane
2632,8.0,1965,http://ia.media-imdb.com/images/M/MV5BMTEyMjU1MDA0MzBeQTJeQWpwZ15BbWU3MDI5NDQwNTQ@._V1._SX99_SY140_.jpg,Wojciech Has,Zbigniew Cybulski|Iga Cembrzynska|Elzbieta Czyzewska|Gustaw Holoubek|Stanislaw Igar
2633,7.2,1932,http://ia.media-imdb.com/images/M/MV5BMjEyNTIzNzcyMV5BMl5BanBnXkFtZTgwOTgwODY2MTE@._V1._SX91_SY140_.jpg,Karl Freund,Boris Karloff|Zita Johann|David Manners|Arthur Byron|Edward Van Sloan
2634,6.8,1959,http://ia.media-imdb.com/images/M/MV5BOTY3NjI3Nzk0OF5BMl5BanBnXkFtZTgwMTA4NTQ2MzE@._V1._SX90_SY140_.jpg,Terence Fisher,Peter Cushing|Christopher Lee|Yvonne Furneaux|Eddie Byrne|Felix Aylmer
2635,5.5,1944,http://ia.media-imdb.com/images/M/MV5BMTg3NTAwMTYyMF5BMl5BanBnXkFtZTcwNjk0NTIyMQ@@._V1._SX77_SY140_.jpg,Leslie Goodwins,Lon Chaney Jr.|Peter Coe|Virginia Christine|Kay Harding|Dennis Moore
2636,5.7,1944,http://ia.media-imdb.com/images/M/MV5BMTYzMTA3MjQyNl5BMl5BanBnXkFtZTcwNTM0MzMyMQ@@._V1._SX77_SY140_.jpg,Reginald Le Borg,Lon Chaney Jr.|John Carradine|Robert Lowery|Ramsay Ames|Barton MacLane
2637,6.1,1940,http://ia.media-imdb.com/images/M/MV5BMTI2Mjk0MTM5NV5BMl5BanBnXkFtZTcwMTIwNTEyMQ@@._V1._SX78_SY140_.jpg,Christy Cabanne,Dick Foran|Peggy Moran|Wallace Ford|Eduardo Ciannelli|George Zucco
2638,5.7,1942,http://ia.media-imdb.com/images/M/MV5BMjM0Njg0MDYyNV5BMl5BanBnXkFtZTgwNjI1OTg5MTE@._V1._SX95_SY140_.jpg,Harald Juhnke,Lon Chaney Jr.|Dick Foran|John Hubbard|Elyse Knox|George Zucco
2639,6.6,1981,http://ia.media-imdb.com/images/M/MV5BMTczMDI5NDEwNl5BMl5BanBnXkFtZTcwNTc4NzIzMQ@@._V1._SX99_SY140_.jpg,Frank Perry,Faye Dunaway|Diana Scarwid|Steve Forrest|Howard Da Silva|Mara Hobel
2640,7.3,1978,http://ia.media-imdb.com/images/M/MV5BMTI1MjA5MzM0OF5BMl5BanBnXkFtZTYwNTc0MTQ5._V1._SX100_SY139_.jpg,Richard Donner,Marlon Brando|Gene Hackman|Christopher Reeve|Ned Beatty|Jackie Cooper
2641,6.8,1980,http://ia.media-imdb.com/images/M/MV5BMTY5MTk3MjcyNl5BMl5BanBnXkFtZTYwNjY3NTU5._V1._SX100_SY140_.jpg,Richard Lester|Richard Donner,Gene Hackman|Christopher Reeve|Ned Beatty|Jackie Cooper|Sarah Douglas
2642,4.9,1983,http://ia.media-imdb.com/images/M/MV5BMTU2MDA2OTY2NV5BMl5BanBnXkFtZTcwMDA5MzMyMQ@@._V1._SX93_SY140_.jpg,Richard Lester,Christopher Reeve|Richard Pryor|Jackie Cooper|Marc McClure|Annette O'Toole
2643,3.7,1987,http://ia.media-imdb.com/images/M/MV5BMTQyMjI0ODcyNV5BMl5BanBnXkFtZTcwNDQ1OTMyMQ@@._V1._SX93_SY140_.jpg,Sidney J. Furie,Christopher Reeve|Gene Hackman|Jackie Cooper|Marc McClure|Jon Cryer
2644,7.6,1931,http://ia.media-imdb.com/images/M/MV5BNTg5NjkxMjUxNF5BMl5BanBnXkFtZTgwNzk1NDc2MTE@._V1._SX91_SY140_.jpg,Tod Browning,Bela Lugosi|Helen Chandler|David Manners|Dwight Frye|Edward Van Sloan
2646,5.8,1945,http://ia.media-imdb.com/images/M/MV5BNzM3NjgxNjcyNF5BMl5BanBnXkFtZTcwMjMwODMyMQ@@._V1._SX77_SY140_.jpg,Erle C. Kenton,Lon Chaney Jr.|John Carradine|Martha O'Driscoll|Lionel Atwill|Onslow Stevens
2647,6.2,1944,http://ia.media-imdb.com/images/M/MV5BMjM5NjkwOTk3NF5BMl5BanBnXkFtZTgwMDM4MTczMjE@._V1._SX91_SY140_.jpg,Erle C. Kenton,Boris Karloff|Lon Chaney Jr.|John Carradine|Anne Gwynne|Peter Coe
2648,8.0,1931,http://ia.media-imdb.com/images/M/MV5BMTkyOTg5NTE1Nl5BMl5BanBnXkFtZTgwMDY2NTUyMjE@._V1._SX99_SY140_.jpg,James Whale,Colin Clive|Mae Clarke|John Boles|Boris Karloff|Edward Van Sloan
2649,7.2,1939,http://ia.media-imdb.com/images/M/MV5BMTc0NzQ5MjEyN15BMl5BanBnXkFtZTgwMTQ4NzMwMjE@._V1._SX100_SY139_.jpg,Rowland V. Lee,Basil Rathbone|Boris Karloff|Bela Lugosi|Lionel Atwill|Josephine Hutchinson
2650,6.1,1942,http://ia.media-imdb.com/images/M/MV5BMTY1NzM0MjM2OF5BMl5BanBnXkFtZTcwNDY3MTkxMQ@@._V1._SX77_SY140_.jpg,Erle C. Kenton,Lon Chaney Jr.|Cedric Hardwicke|Ralph Bellamy|Lionel Atwill|Bela Lugosi
2651,6.5,1943,http://ia.media-imdb.com/images/M/MV5BMTUwOTYwMTkxMV5BMl5BanBnXkFtZTgwNzM1OTg5MTE@._V1._SX94_SY140_.jpg,Roy William Neill,Ilona Massey|Patric Knowles|Lionel Atwill|Bela Lugosi|Maria Ouspenskaya
2652,7.2,1957,http://ia.media-imdb.com/images/M/MV5BOTU0NTA5Nzk5OF5BMl5BanBnXkFtZTcwNzY1ODgxMQ@@._V1._SX100_SY136_.jpg,Terence Fisher,Peter Cushing|Hazel Court|Robert Urquhart|Christopher Lee|Melvyn Hayes
2653,6.2,1943,http://ia.media-imdb.com/images/M/MV5BNjU1NjQ1MjEzMF5BMl5BanBnXkFtZTcwNTg2NzIyMQ@@._V1._SX78_SY140_.jpg,Robert Siodmak,Robert Paige|Louise Allbritton|Evelyn Ankers|Frank Craven|J. Edward Bromberg
2654,7.4,1941,http://ia.media-imdb.com/images/M/MV5BMTkyOTU3Mjg4MV5BMl5BanBnXkFtZTgwMDUwMDc2MTE@._V1._SX93_SY140_.jpg,George Waggner,Lon Chaney Jr.|Claude Rains|Warren William|Ralph Bellamy|Patric Knowles
2655,3.2,1985,http://ia.media-imdb.com/images/M/MV5BODY3NDIzMDQ0N15BMl5BanBnXkFtZTcwMTAzMTYyMQ@@._V1._SX93_SY140_.jpg,Philippe Mora,Christopher Lee|Annie McEnroe|Reb Brown|Marsha A. Hunt|Sybil Danning
2656,6.5,1955,http://ia.media-imdb.com/images/M/MV5BMTk2ODgzMDEyOV5BMl5BanBnXkFtZTcwMjgwMDMyMQ@@._V1._SX77_SY140_.jpg,Jack Arnold,John Agar|Mara Corday|Leo G. Carroll|Nestor Paiva|Ross Elliott
2657,7.4,1975,http://ia.media-imdb.com/images/M/MV5BMjE5NDc0NjE2NF5BMl5BanBnXkFtZTcwMTE4MTI3NA@@._V1._SX93_SY140_.jpg,Jim Sharman,Tim Curry|Susan Sarandon|Barry Bostwick|Richard O'Brien|Patricia Quinn
2659,5.9,1982,http://ia.media-imdb.com/images/M/MV5BMzkxNTg4ODE4NV5BMl5BanBnXkFtZTcwNDE1MjUxMQ@@._V1._SX99_SY140_.jpg,Malcolm Leo|Andrew Solt,Dan Aykroyd|John Candy|Cheech Marin|Tommy Chong|Gilda Radner
2660,7.3,1951,http://ia.media-imdb.com/images/M/MV5BODA5MjE1MTY2Ml5BMl5BanBnXkFtZTgwNzU5MjQxMDE@._V1._SX91_SY140_.jpg,Christian Nyby|Howard Hawks,Margaret Sheridan|Kenneth Tobey|Robert Cornthwaite|Douglas Spencer|James Hong
2661,6.6,1953,http://ia.media-imdb.com/images/M/MV5BOTUzNzM0MzQxMV5BMl5BanBnXkFtZTgwNTM5NDI1MDE@._V1._SX94_SY140_.jpg,Jack Arnold,Richard Carlson|Barbara Rush|Charles Drake|Joe Sawyer|Russell Johnson
2662,7.1,1953,http://ia.media-imdb.com/images/M/MV5BMTY2NjQ5MDUzOF5BMl5BanBnXkFtZTgwMzY1NjAxMDE@._V1._SX93_SY140_.jpg,Byron Haskin,Gene Barry|Ann Robinson|Les Tremayne|Robert Cornthwaite|Sandro Giglio
2663,5.9,1955,http://ia.media-imdb.com/images/M/MV5BMjIwMzI0NDI2NV5BMl5BanBnXkFtZTgwNjU5MzU5MTE@._V1._SX91_SY140_.jpg,Robert Gordon,Kenneth Tobey|Faith Domergue|Donald Curtis|Ian Keith|Dean Maddox Jr.
2664,7.8,1956,http://ia.media-imdb.com/images/M/MV5BNzA0MzI4NDI1N15BMl5BanBnXkFtZTcwNDQxMDc3Nw@@._V1._SX99_SY140_.jpg,Don Siegel,Kevin McCarthy|Dana Wynter|Larry Gates|King Donovan|Carolyn Jones
2665,6.4,1956,http://ia.media-imdb.com/images/M/MV5BMjM1NTY2MTUzNF5BMl5BanBnXkFtZTgwMjMyMjkyMjE@._V1._SX94_SY140_.jpg,Fred F. Sears,Hugh Marlowe|Joan Taylor|Donald Curtis|Morris Ankrum|John Zaremba
2667,4.6,1956,http://ia.media-imdb.com/images/M/MV5BMTM5NjQ3NjI5N15BMl5BanBnXkFtZTcwOTQ3NjAzMQ@@._V1._SX77_SY140_.jpg,Virgil W. Vogel,John Agar|Cynthia Patrick|Hugh Beaumont|Alan Napier|Nestor Paiva
2668,5.4,1982,http://ia.media-imdb.com/images/M/MV5BMjEwNzE5NjQzMF5BMl5BanBnXkFtZTcwMzYyMTM3NA@@._V1._SX93_SY140_.jpg,Wes Craven,Louis Jourdan|Adrienne Barbeau|Ray Wise|David Hess|Nicholas Worth
2669,7.2,1959,http://ia.media-imdb.com/images/M/MV5BMTYyMDU0MTQ3Nl5BMl5BanBnXkFtZTcwMjcwOTc2NA@@._V1._SX93_SY140_.jpg,Lewis Milestone,Gregory Peck|Harry Guardino|Rip Torn|George Peppard|Carl Benton Reid
2670,7.4,1958,http://ia.media-imdb.com/images/M/MV5BMTczMjU3MjczMV5BMl5BanBnXkFtZTcwNjA4ODkxMQ@@._V1._SX98_SY140_.jpg,Robert Wise,Clark Gable|Burt Lancaster|Jack Warden|Brad Dexter|Don Rickles
2671,7.0,1999,http://ia.media-imdb.com/images/M/MV5BMTQ4MDg5MTE1N15BMl5BanBnXkFtZTgwNDA4NjQxMTE@._V1._SX94_SY140_.jpg,Roger Michell,Julia Roberts|Hugh Grant|Richard McCabe|Rhys Ifans|James Dreyfus
2672,7.0,1999,http://ia.media-imdb.com/images/M/MV5BMTQ1NzEwNjM0OF5BMl5BanBnXkFtZTYwNTI4MDk5._V1._SX91_SY140_.jpg,Josef Rusnak,Craig Bierko|Armin Mueller-Stahl|Gretchen Mol|Vincent D'Onofrio|Dennis Haysbert
2673,7.8,1998,http://ia.media-imdb.com/images/M/MV5BMTMzMjEwMTQyM15BMl5BanBnXkFtZTcwMzUxNDQzMQ@@._V1._SX99_SY140_.jpg,Theodoros Angelopoulos,Bruno Ganz|Isabelle Renauld|Fabrizio Bentivoglio|Achileas Skevis|Alexandra Ladikou
2675,6.5,1998,http://ia.media-imdb.com/images/M/MV5BMTI3ODU1MDI0Ml5BMl5BanBnXkFtZTYwNDU2MzE5._V1._SX100_SY140_.jpg,Maria Ripoll,Lena Headey|Douglas Henshall|Penélope Cruz|Gustavo Salmerón|Mark Strong
2676,6.5,1999,http://ia.media-imdb.com/images/M/MV5BMTM4MDc3MjExNl5BMl5BanBnXkFtZTcwMjg3OTMyMQ@@._V1._SX97_SY140_.jpg,Jon Turteltaub,Anthony Hopkins|Cuba Gooding Jr.|Donald Sutherland|Maura Tierney|George Dzundza
2677,7.6,1999,http://ia.media-imdb.com/images/M/MV5BMTgwMzEzNzY0Ml5BMl5BanBnXkFtZTcwMzY1MTYxMQ@@._V1._SX97_SY140_.jpg,Wim Wenders,Compay Segundo|Eliades Ochoa|Ry Cooder|Joachim Cooder|Ibrahim Ferrer
2678,6.2,1998,http://ia.media-imdb.com/images/M/MV5BMjA4Nzk3MTA1NF5BMl5BanBnXkFtZTcwNDk5MzgxMQ@@._V1._SX79_SY140_.jpg,Morgan Freeman,Casey Affleck|Brendan Sexton III|Kate Hudson|Christina Ricci|John Heard
2681,7.0,1998,http://ia.media-imdb.com/images/M/MV5BMjAyMjg4NDk4OF5BMl5BanBnXkFtZTcwMDQ5MzIzMQ@@._V1._SX97_SY140_.jpg,Robert Meyer Burnett,Eric McCormack|Carl Bressler|Ethan Glazer|Phyllis Franklin|Brandon Kleyla
2682,7.1,1999,http://ia.media-imdb.com/images/M/MV5BMTY1ODkxMzYyM15BMl5BanBnXkFtZTgwNDQ0OTY2NDE@._V1._SX95_SY140_.jpg,John Sayles,Mary Elizabeth Mastrantonio|David Strathairn|Vanessa Martinez|Hermínio Ramos|Kris Kristofferson
2683,6.6,1999,http://ia.media-imdb.com/images/M/MV5BMjEwMDk0MzgxNV5BMl5BanBnXkFtZTYwNjMzMDc3._V1._SX100_SY123_.jpg,Jay Roach,Mike Myers|Heather Graham|Michael York|Robert Wagner|Rob Lowe
2684,5.2,1999,http://ia.media-imdb.com/images/M/MV5BMTIxMTk5ODU2NV5BMl5BanBnXkFtZTcwODc2OTc1MQ@@._V1._SX99_SY140_.jpg,Alain Zaloum,Patrick Bergin|Griffith Brewer|Serge Houde|Don Jordan|Gordon Masten
2686,7.8,1998,http://ia.media-imdb.com/images/M/MV5BMzg5MDczNzQxNV5BMl5BanBnXkFtZTcwMjQ0MjM3MQ@@._V1._SX100_SY128_.jpg,François Girard,Carlo Cecchi|Irene Grazioli|Anita Laurenzi|Tommaso Puntelli|Samuele Amighetti
2687,7.2,1999,http://ia.media-imdb.com/images/M/MV5BMTIxNzY1MDg2Ml5BMl5BanBnXkFtZTcwMDgxMDEzMQ@@._V1._SX97_SY140_.jpg,Chris Buck|Kevin Lima,Brian Blessed|Glenn Close|Minnie Driver|Tony Goldwyn|Nigel Hawthorne
2688,6.2,1999,http://ia.media-imdb.com/images/M/MV5BMTg1NTkyMzgxOV5BMl5BanBnXkFtZTYwMDc5NjI5._V1._SX99_SY140_.jpg,Simon West,John Travolta|Madeleine Stowe|James Cromwell|Timothy Hutton|Leslie Stefanson
2689,6.0,1999,http://ia.media-imdb.com/images/M/MV5BMTQ3NjQ0MjM5MV5BMl5BanBnXkFtZTcwMjEwMDQ0MQ@@._V1._SX98_SY140_.jpg,Andrew J. Kuehn,Whoopi Goldberg|Bette Midler|Robin Williams|Nathan Lane|Lily Tomlin
2690,6.9,1999,http://ia.media-imdb.com/images/M/MV5BMTU3MTkyNTQxM15BMl5BanBnXkFtZTcwNDA2NTAyMQ@@._V1._SX96_SY140_.jpg,Ol Parker,Peter Vaughan|Rupert Everett|Minnie Driver|Cate Blanchett|Ben Pullen
2691,8.1,1998,http://ia.media-imdb.com/images/M/MV5BMTA3MTcxNjE0NzNeQTJeQWpwZ15BbWU4MDc3NjUxNDAx._V1._SX94_SY140_.jpg,Giuseppe Tornatore,Tim Roth|Pruitt Taylor Vince|Bill Nunn|Clarence Williams III|Mélanie Thierry
2692,7.8,1998,http://ia.media-imdb.com/images/M/MV5BMjA5MDg3MjYyOF5BMl5BanBnXkFtZTgwODk3NjkzMTE@._V1._SX94_SY140_.jpg,Tom Tykwer,Franka Potente|Moritz Bleibtreu|Herbert Knaup|Nina Petri|Armin Rohde
2693,7.0,1997,http://ia.media-imdb.com/images/M/MV5BMTc0NjU1NzI0OV5BMl5BanBnXkFtZTcwOTIwMzMyMQ@@._V1._SX98_SY140_.jpg,Roger Nygard,Denise Crosby|Barbara Fritchie|Denis Bourguignon|David Greenstein|Laurel Greenstein
2694,6.4,1999,http://ia.media-imdb.com/images/M/MV5BMTgwODU4MTg5M15BMl5BanBnXkFtZTcwNjM2NjkxMQ@@._V1._SX98_SY140_.jpg,Dennis Dugan,Adam Sandler|Joey Lauren Adams|Jon Stewart|Cole Sprouse|Dylan Sprouse
2695,7.1,1998,http://ia.media-imdb.com/images/M/MV5BMTg4NzU2NTg0NV5BMl5BanBnXkFtZTcwNjIwMDIyMQ@@._V1._SX98_SY140_.jpg,Rowan Woods,David Wenham|Toni Collette|Lynette Curran|John Polson|Anthony Hayes
2696,7.7,1998,http://ia.media-imdb.com/images/M/MV5BMTM5NTQ2MjkwOV5BMl5BanBnXkFtZTcwNzM2NjcxMQ@@._V1._SX88_SY140_.jpg,Francis Veber,Thierry Lhermitte|Jacques Villeret|Francis Huster|Daniel Prévost|Alexandra Vandernoot
2697,7.0,1997,http://ia.media-imdb.com/images/M/MV5BMTI2MTY1ODY2M15BMl5BanBnXkFtZTcwMjQ4NzMyMQ@@._V1._SX98_SY140_.jpg,Udayan Prasad,Om Puri|Rachel Griffiths|Akbar Kurtha|Stellan Skarsgård|Gopi Desai
2699,6.3,1990,http://ia.media-imdb.com/images/M/MV5BMTcwNDU1Nzk5N15BMl5BanBnXkFtZTcwMDEwNDkxMQ@@._V1._SX98_SY140_.jpg,Frank Marshall,Jeff Daniels|Harley Jane Kozak|John Goodman|Julian Sands|Stuart Pankin
2700,7.8,1999,http://ia.media-imdb.com/images/M/MV5BMTk4NjQzMTI0MV5BMl5BanBnXkFtZTcwODAxNTIyMQ@@._V1._SX99_SY140_.jpg,Trey Parker,Trey Parker|Matt Stone|Mary Kay Bergman|Isaac Hayes|Jesse Brant Howell
2701,4.8,1999,http://ia.media-imdb.com/images/M/MV5BNDI5NDk5MjgxMl5BMl5BanBnXkFtZTcwNjI1MTUyMQ@@._V1._SX100_SY140_.jpg,Barry Sonnenfeld,Will Smith|Kevin Kline|Kenneth Branagh|Salma Hayek|M. Emmet Walsh
2702,6.6,1999,http://ia.media-imdb.com/images/M/MV5BMTc1MDk5MTY1Ml5BMl5BanBnXkFtZTcwMjYyMzkxMQ@@._V1._SX98_SY140_.jpg,Spike Lee,John Leguizamo|Adrien Brody|Mira Sorvino|Jennifer Esposito|Michael Rispoli
2704,7.5,1991,http://ia.media-imdb.com/images/M/MV5BMTgwMzQ4ODAzNl5BMl5BanBnXkFtZTcwOTg3MDMyMQ@@._V1._SX78_SY140_.jpg,Leos Carax,Juliette Binoche|Denis Lavant|Daniel Buain|Klaus-Michael Grüber|Marion Stalens
2706,7.0,1999,http://ia.media-imdb.com/images/M/MV5BMTg3ODY5ODI1NF5BMl5BanBnXkFtZTgwMTkxNTYxMTE@._V1._SX95_SY140_.jpg,Paul Weitz|Chris Weitz,Jason Biggs|Chris Klein|Thomas Ian Nicholas|Alyson Hannigan|Shannon Elizabeth
2707,7.2,1999,http://ia.media-imdb.com/images/M/MV5BMTkzNTIyOTA3MV5BMl5BanBnXkFtZTYwNTU3NzY5._V1._SX94_SY140_.jpg,Mark Pellington,Jeff Bridges|Tim Robbins|Joan Cusack|Hope Davis|Robert Gossett
2709,6.2,1999,http://ia.media-imdb.com/images/M/MV5BMTgwNDE0NDM1M15BMl5BanBnXkFtZTcwNDg4MzkxMQ@@._V1._SX99_SY140_.jpg,Tim Hill,Dave Goelz|Steve Whitmire|Bill Barretta|Jerry Nelson|Brian Henson
2710,6.4,1999,http://ia.media-imdb.com/images/M/MV5BMTg0NjMyNTY4OF5BMl5BanBnXkFtZTYwOTMxOTY4._V1._SX90_SY140_.jpg,Daniel Myrick|Eduardo Sánchez,Heather Donahue|Joshua Leonard|Michael C. Williams|Robert Griffin|Jim King
2711,6.5,1999,http://ia.media-imdb.com/images/M/MV5BMTI2NDk3MDc1M15BMl5BanBnXkFtZTcwOTUwMzgxMQ@@._V1._SX97_SY140_.jpg,Hugh Hudson,Colin Firth|Rosemary Harris|Irène Jacob|Mary Elizabeth Mastrantonio|Malcolm McDowell
2712,7.3,1999,http://ia.media-imdb.com/images/M/MV5BMjA5NTUwNjI1N15BMl5BanBnXkFtZTYwOTE1ODc5._V1._SX94_SY140_.jpg,Stanley Kubrick,Tom Cruise|Nicole Kidman|Sydney Pollack|Marie Richardson|Rade Serbedzija
2713,5.6,1999,http://ia.media-imdb.com/images/M/MV5BODY0OTUzNzUzMF5BMl5BanBnXkFtZTYwMDg4Njg4._V1._SX99_SY140_.jpg,Steve Miner,Bill Pullman|Bridget Fonda|Oliver Platt|Brendan Gleeson|Betty White
2714,6.8,1999,http://ia.media-imdb.com/images/M/MV5BMjE2MDYxMzI0MV5BMl5BanBnXkFtZTcwOTU3NzYyMQ@@._V1._SX99_SY140_.jpg,Rick Famuyiwa,Elayn J. Taylor|Omar Epps|Richard T. Jones|Sean Nelson|Duane Finley
2716,7.8,1984,http://ia.media-imdb.com/images/M/MV5BMTkxMjYyNzgwMl5BMl5BanBnXkFtZTgwMTE3MjYyMTE@._V1._SX91_SY140_.jpg,Ivan Reitman,Bill Murray|Dan Aykroyd|Sigourney Weaver|Harold Ramis|Rick Moranis
2717,6.5,1989,http://ia.media-imdb.com/images/M/MV5BMTQ2NTk4MjE5Ml5BMl5BanBnXkFtZTgwODIwNjYxMTE@._V1._SX95_SY140_.jpg,Ivan Reitman,Bill Murray|Dan Aykroyd|Sigourney Weaver|Harold Ramis|Rick Moranis
2718,6.5,1999,http://ia.media-imdb.com/images/M/MV5BMTgzNzk3OTg2M15BMl5BanBnXkFtZTYwMTIyODc5._V1._SX95_SY140_.jpg,Michael Patrick Jann,Kirsten Dunst|Ellen Barkin|Allison Janney|Denise Richards|Kirstie Alley
2719,4.9,1999,http://ia.media-imdb.com/images/M/MV5BMTY4ODczMTMxNV5BMl5BanBnXkFtZTYwMTI4Nzc5._V1._SX97_SY140_.jpg,Jan de Bont,Liam Neeson|Catherine Zeta-Jones|Owen Wilson|Lili Taylor|Bruce Dern
2720,4.1,1999,http://ia.media-imdb.com/images/M/MV5BMTU5NDkwMTUxN15BMl5BanBnXkFtZTcwNzM2OTMyMQ@@._V1._SX96_SY140_.jpg,David Kellogg,Matthew Broderick|Rupert Everett|Joely Fisher|Michelle Trachtenberg|Andy Dick
2721,7.2,1999,http://ia.media-imdb.com/images/M/MV5BMjExNDM2NDk0OV5BMl5BanBnXkFtZTcwMjA1NzYxMQ@@._V1._SX100_SY136_.jpg,Jim Fall,Tori Spelling|Christian Campbell|John Paul Pitoc|Brad Beyer|Lacey Kohl
2722,5.8,1999,http://ia.media-imdb.com/images/M/MV5BMTU2NzM2Mjg2Ml5BMl5BanBnXkFtZTYwNjI5Mjg5._V1._SX90_SY140_.jpg,Renny Harlin,Thomas Jane|Saffron Burrows|Samuel L. Jackson|Jacqueline McKenzie|Michael Rapaport
2723,6.0,1999,http://ia.media-imdb.com/images/M/MV5BMTM2NjM0NTIzN15BMl5BanBnXkFtZTcwNTg4MjEyMQ@@._V1._SX98_SY140_.jpg,Kinka Usher,Ben Stiller|Hank Azaria|William H. Macy|Janeane Garofalo|Kel Mitchell
2724,5.4,1999,http://ia.media-imdb.com/images/M/MV5BOTcxMDU2ODc5OV5BMl5BanBnXkFtZTcwNTA0NzMyMQ@@._V1._SX98_SY140_.jpg,Garry Marshall,Julia Roberts|Richard Gere|Joan Cusack|Hector Elizondo|Rita Wilson
2725,7.3,1999,http://ia.media-imdb.com/images/M/MV5BMTkxNzkxMjUzNV5BMl5BanBnXkFtZTcwOTczNDMzMQ@@._V1._SX97_SY140_.jpg,Michael Polish,Mark Polish|Michael Polish|Michele Hicks|Jon Gries|Patrick Bauchau
2726,8.1,1956,http://ia.media-imdb.com/images/M/MV5BMTg1NjEwOTI0Nl5BMl5BanBnXkFtZTcwODQ2MjM2NQ@@._V1._SX93_SY140_.jpg,Stanley Kubrick,Sterling Hayden|Coleen Gray|Vince Edwards|Jay C. Flippen|Ted de Corsia
2727,6.8,1955,http://ia.media-imdb.com/images/M/MV5BNDAyNjM5NzQ0OF5BMl5BanBnXkFtZTcwMjEwMjMyMQ@@._V1._SX95_SY140_.jpg,Stanley Kubrick,Frank Silvera|Jamie Smith|Irene Kane|Jerry Jarrett|Michael Dana
2728,8.0,1960,http://ia.media-imdb.com/images/M/MV5BMTAzNDcwODQ1MjJeQTJeQWpwZ15BbWU4MDY3NTAzMTAx._V1._SX97_SY140_.jpg,Stanley Kubrick,Kirk Douglas|Laurence Olivier|Jean Simmons|Charles Laughton|Peter Ustinov
2729,7.7,1962,http://ia.media-imdb.com/images/M/MV5BMTY3NDYzNDI5NF5BMl5BanBnXkFtZTcwODU2OTY1Mw@@._V1._SX90_SY140_.jpg,Stanley Kubrick,James Mason|Shelley Winters|Sue Lyon|Gary Cockrell|Jerry Stovin
2730,8.1,1975,http://ia.media-imdb.com/images/M/MV5BMTczNzkyMjQ4N15BMl5BanBnXkFtZTcwOTQ2NjU4Mw@@._V1._SX93_SY140_.jpg,Stanley Kubrick,Ryan O'Neal|Marisa Berenson|Patrick Magee|Hardy Krüger|Steven Berkoff
2731,8.2,1959,http://ia.media-imdb.com/images/M/MV5BMTQzNTMzOTA2Ml5BMl5BanBnXkFtZTgwNDQ2OTI3MjE@._V1._SX95_SY140_.jpg,François Truffaut,Jean-Pierre Léaud|Claire Maurier|Albert Rémy|Guy Decomble|Georges Flamant
2732,7.9,1962,http://ia.media-imdb.com/images/M/MV5BMTk4Nzg0MzQ2OV5BMl5BanBnXkFtZTgwNjIyNzk4MjE@._V1._SX97_SY140_.jpg,François Truffaut,Jeanne Moreau|Oskar Werner|Henri Serre|Vanna Urbino|Serge Rezvani
2734,6.6,1986,http://ia.media-imdb.com/images/M/MV5BMTgxNTEwNzI1OV5BMl5BanBnXkFtZTcwMjU5MDAyMQ@@._V1._SX100_SY140_.jpg,Peter Weir,Harrison Ford|Helen Mirren|River Phoenix|Conrad Roberts|Andre Gregory
2735,5.8,1986,http://ia.media-imdb.com/images/M/MV5BMzY0NzI4NTAxMV5BMl5BanBnXkFtZTYwMTg2MjA5._V1._SX99_SY140_.jpg,Michael Ritchie,J.L. Reate|Eddie Murphy|Charles Dance|Charlotte Lewis|Victor Wong
2736,6.8,1986,http://ia.media-imdb.com/images/M/MV5BMjEzNzk1ODQ0OV5BMl5BanBnXkFtZTcwNjk4NzEyMQ@@._V1._SX100_SY138_.jpg,Gene Saks,Jonathan Silverman|Blythe Danner|Stacey Glick|Lisa Waltz|Judith Ivey
2738,6.4,1986,http://ia.media-imdb.com/images/M/MV5BMTI4NDM5OTMzNV5BMl5BanBnXkFtZTcwNjM4MDUyMQ@@._V1._SX99_SY140_.jpg,Bruce Beresford,Diane Keaton|Jessica Lange|Sissy Spacek|Sam Shepard|Tess Harper
2739,7.8,1985,http://ia.media-imdb.com/images/M/MV5BMTUzOTkxNjY4M15BMl5BanBnXkFtZTgwNjE5MDgxMTE@._V1._SX95_SY140_.jpg,Steven Spielberg,Danny Glover|Whoopi Goldberg|Margaret Avery|Oprah Winfrey|Willard E. Pugh
2740,5.5,1987,http://ia.media-imdb.com/images/M/MV5BMTgzOTE3MjQ0OF5BMl5BanBnXkFtZTYwNjI3Mjg5._V1._SX89_SY140_.jpg,Stephen Carpenter|Jeffrey Obrow,David Allen Brooks|Rod Steiger|Amanda Pays|Talia Balsam|Kim Hunter
2741,5.6,1986,http://ia.media-imdb.com/images/M/MV5BMTI0ODI5ODA0N15BMl5BanBnXkFtZTcwODkwNDkxMQ@@._V1._SX93_SY140_.jpg,Richard Pearce,Richard Gere|Kim Basinger|Jeroen Krabbé|George Dzundza|Gary Basaraba
2742,7.0,1986,http://ia.media-imdb.com/images/M/MV5BMzE1OTU5MjQxNV5BMl5BanBnXkFtZTYwMDE5Nzk4._V1._SX100_SY75_.jpg,Bertrand Blier,Gérard Depardieu|Michel Blanc|Miou-Miou|Michel Creton|Jean-François Stévenin
2744,7.3,1986,http://ia.media-imdb.com/images/M/MV5BMTYwMjMyODM3OV5BMl5BanBnXkFtZTYwMjY3ODg5._V1._SX91_SY140_.jpg,Franco Zeffirelli,Plácido Domingo|Katia Ricciarelli|Justino Díaz|Petra Malakova|Urbano Barberini
2745,7.5,1986,http://ia.media-imdb.com/images/M/MV5BNzE5NTM3NTkxNV5BMl5BanBnXkFtZTcwNTkwMzczMg@@._V1._SX92_SY140_.jpg,Roland Joffé,Robert De Niro|Jeremy Irons|Ray McAnally|Aidan Quinn|Cherie Lunghi
2746,6.9,1986,http://ia.media-imdb.com/images/M/MV5BMjMzNDM4MjYwNF5BMl5BanBnXkFtZTgwMDE4NzkzMTE@._V1._SX94_SY140_.jpg,Frank Oz,Levi Stubbs|Rick Moranis|Ellen Greene|Vincent Gardenia|Steve Martin
2747,6.3,1960,http://ia.media-imdb.com/images/M/MV5BNTQxMTcyNzAyN15BMl5BanBnXkFtZTYwMjk4OTk5._V1._SX98_SY140_.jpg,Roger Corman|Charles B. Griffith|Mel Welles,Jonathan Haze|Jackie Joseph|Mel Welles|Dick Miller|Myrtle Vail
2748,4.3,1986,http://ia.media-imdb.com/images/M/MV5BMjA2MjY2OTA3Ml5BMl5BanBnXkFtZTcwODg5OTQyMQ@@._V1._SX99_SY140_.jpg,Gary Nelson,Richard Chamberlain|Sharon Stone|James Earl Jones|Henry Silva|Robert Donner
2749,6.0,1986,http://ia.media-imdb.com/images/M/MV5BODQyNDA3MjUwM15BMl5BanBnXkFtZTcwNzI2MTQyMQ@@._V1._SX93_SY140_.jpg,Sidney Lumet,Jane Fonda|Jeff Bridges|Raul Julia|Diane Salinger|Richard Foronjy
2750,7.6,1987,http://ia.media-imdb.com/images/M/MV5BMTYwNDg1NDYzOF5BMl5BanBnXkFtZTcwMDIwMzg4NA@@._V1._SX93_SY140_.jpg,Woody Allen,Mike Starr|Paul Herman|Don Pardo|Ross Martin|Helen Miller
2751,6.2,1987,http://ia.media-imdb.com/images/M/MV5BMTc4MzI5NDQxMF5BMl5BanBnXkFtZTcwODgzODQzMQ@@._V1._SX93_SY140_.jpg,Bob Clark,Judd Nelson|Elizabeth Perkins|John Hurt|Darren McGavin|Dan Monahan
2752,6.0,1987,http://ia.media-imdb.com/images/M/MV5BMTc5MTgxOTIxNl5BMl5BanBnXkFtZTcwMTkzNjUyMQ@@._V1._SX92_SY140_.jpg,Arthur Hiller,Shelley Long|Bette Midler|Peter Coyote|Robert Prosky|John Schuck
2754,4.4,1986,http://ia.media-imdb.com/images/M/MV5BMjU5ODg3MjYyOV5BMl5BanBnXkFtZTcwMzk2MDc0NQ@@._V1._SX99_SY140_.jpg,Jeffrey Delman,Scott Valentine|Nicole Picard|Matt Mitler|Cathryn de Prume|Melissa Leo
2757,7.4,1982,http://ia.media-imdb.com/images/M/MV5BMTA5OTYyNjIwMzZeQTJeQWpwZ15BbWU3MDE3NTU2MjE@._V1._SX98_SY140_.jpg,Graeme Clifford,Jessica Lange|Kim Stanley|Sam Shepard|Bart Burns|Jonathan Banks
2758,6.1,1985,http://ia.media-imdb.com/images/M/MV5BMTI1ODgzNzk1OF5BMl5BanBnXkFtZTcwMTQwNjgxMQ@@._V1._SX100_SY140_.jpg,Fred Schepisi,Meryl Streep|Charles Dance|Tracey Ullman|John Gielgud|Sting
2759,6.1,1999,http://ia.media-imdb.com/images/M/MV5BMTU4NzI5MDc4MF5BMl5BanBnXkFtZTgwMjgxNjU1MDE@._V1._SX94_SY140_.jpg,Andrew Fleming,Kirsten Dunst|Michelle Williams|Dan Hedaya|Will Ferrell|Bruce McCulloch
2761,8.0,1999,http://ia.media-imdb.com/images/M/MV5BMjE2NDc4MzY1NV5BMl5BanBnXkFtZTcwNDcxNjgxMQ@@._V1._SX96_SY140_.jpg,Brad Bird,Jennifer Aniston|Harry Connick Jr.|Vin Diesel|James Gammon|Cloris Leachman
2762,8.2,1999,http://ia.media-imdb.com/images/M/MV5BMTc2MTQxNDI5MV5BMl5BanBnXkFtZTYwNjkzMDc4._V1._SX91_SY140_.jpg,M. Night Shyamalan,Bruce Willis|Haley Joel Osment|Toni Collette|Olivia Williams|Trevor Morgan
2763,6.8,1999,http://ia.media-imdb.com/images/M/MV5BMTI0MzE4ODU0OF5BMl5BanBnXkFtZTYwMTQ4MDk5._V1._SX95_SY140_.jpg,John McTiernan,Pierce Brosnan|Rene Russo|Denis Leary|Ben Gazzara|Frankie Faison
2764,7.0,1968,http://ia.media-imdb.com/images/M/MV5BOTA5NzQ4NjE4NF5BMl5BanBnXkFtZTcwMjIzMzY3NA@@._V1._SX93_SY140_.jpg,Norman Jewison,Steve McQueen|Faye Dunaway|Paul Burke|Jack Weston|Biff McGuire
2765,6.3,1998,http://ia.media-imdb.com/images/M/MV5BMTM5MjY1MTIxOF5BMl5BanBnXkFtZTcwMjc4NTUyMQ@@._V1._SX96_SY140_.jpg,Paul McGuigan,Stephen McCole|Maurice Roëves|Garry Sweeney|Jenny McCrindle|Simon Weir
2766,6.9,1998,http://ia.media-imdb.com/images/M/MV5BMzk3NTYyMzgyNV5BMl5BanBnXkFtZTcwNDcxMTMyMQ@@._V1._SX97_SY140_.jpg,Tod Williams,Adrian Grenier|Clark Gregg|Aleksa Palladino|Margaret Colin|John Shea
2767,6.2,1998,http://ia.media-imdb.com/images/M/MV5BMTUzMjU5NjIxM15BMl5BanBnXkFtZTcwNzM5MTcxMQ@@._V1._SX98_SY140_.jpg,John Turturro,Leo Bassi|Henri Behar|Maurizio Benazzo|Fernando Bolles|Katherine Borowitz
2770,6.4,1999,http://ia.media-imdb.com/images/M/MV5BMTI4MTQwMDI3M15BMl5BanBnXkFtZTcwNTI4MzUxMQ@@._V1._SX100_SY140_.jpg,Frank Oz,Steve Martin|Eddie Murphy|Heather Graham|Christine Baranski|Jamie Kennedy
2771,6.4,1999,http://ia.media-imdb.com/images/M/MV5BMTIyNTQ1MjU4NF5BMl5BanBnXkFtZTcwNDE0NjkxMQ@@._V1._SX99_SY140_.jpg,Jonathan Kaplan,Claire Danes|Kate Beckinsale|Bill Pullman|Jacqueline Kim|Lou Diamond Phillips
2772,6.8,1999,http://ia.media-imdb.com/images/M/MV5BMzIwMTkzMjI2Ml5BMl5BanBnXkFtZTYwOTAxNjI3._V1._SX100_SY135_.jpg,Adam Rifkin,Giuseppe Andrews|James DeBello|Edward Furlong|Sam Huntington|Lin Shaye
2774,6.3,1999,http://ia.media-imdb.com/images/M/MV5BMTg1NDIwMjkzOV5BMl5BanBnXkFtZTcwMjA4MTk0MQ@@._V1._SX98_SY140_.jpg,Anne Wheeler,Wendy Crewson|Karyn Dwyer|Christina Cox|Ann-Marie MacDonald|Marya Delver
2775,6.6,1998,http://ia.media-imdb.com/images/M/MV5BMjEzNzM3NTQ1M15BMl5BanBnXkFtZTYwMjYzNjg5._V1._SX96_SY140_.jpg,Ana Kokkinos,Alex Dimitriades|Julian Garner|Elena Mandalis|Tony Nikolakopoulos|Damien Fotiou
2776,7.7,1997,http://ia.media-imdb.com/images/M/MV5BMTIwMzMxMjMyOV5BMl5BanBnXkFtZTcwMDM4MjEyMQ@@._V1._SX97_SY140_.jpg,Anna Maria Tatò,Marcello Mastroianni|Renato Berta|Manoel de Oliveira|Diogo Dória|Leonor Silveira
2778,5.1,1995,http://ia.media-imdb.com/images/M/MV5BMTU4NTkzODM2NF5BMl5BanBnXkFtZTcwMDQ0NDIyMQ@@._V1._SX98_SY140_.jpg,Peter Hall,Rebecca De Mornay|Antonio Banderas|Denny Miller|Len Cariou|Harry Dean Stanton
2779,6.9,1978,http://ia.media-imdb.com/images/M/MV5BOTg3MjE1NjY2OV5BMl5BanBnXkFtZTcwNTc1Mjk3OA@@._V1._SX93_SY140_.jpg,Warren Beatty|Buck Henry,Warren Beatty|Julie Christie|James Mason|Jack Warden|Charles Grodin
2780,6.7,1963,http://ia.media-imdb.com/images/M/MV5BMTQ4MjAzMzQzN15BMl5BanBnXkFtZTcwNzkyMTU2NA@@._V1._SX91_SY140_.jpg,Roger Corman,Vincent Price|Peter Lorre|Boris Karloff|Hazel Court|Olive Sturgess
2781,6.7,1959,http://ia.media-imdb.com/images/M/MV5BMjA4MDgxNzE4Ml5BMl5BanBnXkFtZTcwODU5MTMyMQ@@._V1._SX77_SY140_.jpg,William Castle,Vincent Price|Judith Evelyn|Darryl Hickman|Patricia Cutts|Pamela Lincoln
2782,7.1,1961,http://ia.media-imdb.com/images/M/MV5BNTkwMzYyNzcwNF5BMl5BanBnXkFtZTcwMTcwMDU2NA@@._V1._SX93_SY140_.jpg,Roger Corman,Vincent Price|John Kerr|Barbara Steele|Luana Anders|Antony Carbone
2783,6.6,1964,http://ia.media-imdb.com/images/M/MV5BNjgxNTM0Nzk0OV5BMl5BanBnXkFtZTcwMTgyMTM4NA@@._V1._SX93_SY140_.jpg,Roger Corman,Vincent Price|Elizabeth Shepherd|John Westbrook|Derek Francis|Ollie Johnston
2784,7.1,1964,http://ia.media-imdb.com/images/M/MV5BMTQzNTQ0OTQxMl5BMl5BanBnXkFtZTgwMzkzMzkwMzE@._V1._SX93_SY140_.jpg,Roger Corman,Vincent Price|Hazel Court|Jane Asher|David Weston|Nigel Green
2785,6.9,1962,http://ia.media-imdb.com/images/M/MV5BMjIxMDU5NDg3M15BMl5BanBnXkFtZTcwNjIzMTM3NA@@._V1._SX92_SY140_.jpg,Roger Corman,Vincent Price|Maggie Pierce|Leona Gage|Peter Lorre|Joyce Jameson
2786,5.4,1986,http://ia.media-imdb.com/images/M/MV5BMTM2NTM2MDM2NV5BMl5BanBnXkFtZTYwNTc2Nzg4._V1._SX97_SY140_.jpg,Gene Wilder,Gene Wilder|Gilda Radner|Dom DeLuise|Jonathan Pryce|Bryan Pringle
2787,6.2,1985,http://ia.media-imdb.com/images/M/MV5BMTMzNzM3Njc1OF5BMl5BanBnXkFtZTYwNjY4NTc5._V1._SX95_SY140_.jpg,Lewis Teague,Drew Barrymore|James Woods|Alan King|Kenneth McMillan|Robert Hays
2788,7.6,1971,http://ia.media-imdb.com/images/M/MV5BMjA0NjE3NDA2NF5BMl5BanBnXkFtZTcwMzgzNDUyMQ@@._V1._SX100_SY140_.jpg,Ian MacNaughton,Graham Chapman|John Cleese|Terry Gilliam|Eric Idle|Terry Jones
2789,6.2,1978,http://ia.media-imdb.com/images/M/MV5BMTI0MTYzNDg2NF5BMl5BanBnXkFtZTYwNTcxNzg4._V1._SX99_SY140_.jpg,Don Taylor|Mike Hodges,William Holden|Lee Grant|Jonathan Scott-Taylor|Robert Foxworth|Nicholas Pryor
2790,5.5,1981,http://ia.media-imdb.com/images/M/MV5BMTk0MzkxMzg5NF5BMl5BanBnXkFtZTcwNDY4MTU1MQ@@._V1._SX98_SY140_.jpg,Graham Baker,Sam Neill|Rossano Brazzi|Don Gordon|Lisa Harrow|Barnaby Holm
2791,7.8,1980,http://ia.media-imdb.com/images/M/MV5BNDU2MjE4MTcwNl5BMl5BanBnXkFtZTgwNDExOTMxMDE@._V1._SX94_SY140_.jpg,Jim Abrahams|David Zucker|Jerry Zucker,Kareem Abdul-Jabbar|Lloyd Bridges|Peter Graves|Julie Hagerty|Robert Hays
2792,6.1,1982,http://ia.media-imdb.com/images/M/MV5BMTI2MjM3ODk0M15BMl5BanBnXkFtZTcwMzc1ODAyMQ@@._V1._SX99_SY140_.jpg,Ken Finkleman,Lloyd Bridges|Raymond Burr|Chuck Connors|Rip Torn|John Dehner
2793,5.1,1997,http://ia.media-imdb.com/images/M/MV5BMTMyMTg2MjI0Ml5BMl5BanBnXkFtZTYwNjc5ODc4._V1._SX98_SY140_.jpg,Anthony Waller,Tom Everett Scott|Julie Delpy|Vince Vieluf|Phil Buckman|Julie Bowen
2794,6.1,1985,http://ia.media-imdb.com/images/M/MV5BMTU2Nzg1ODM0MF5BMl5BanBnXkFtZTcwMTM5OTMyMQ@@._V1._SX98_SY140_.jpg,Amy Heckerling,Chevy Chase|Beverly D'Angelo|Dana Hill|Jason Lively|John Astin
2795,7.4,1983,http://ia.media-imdb.com/images/M/MV5BMTI1Mzk4MTYwNF5BMl5BanBnXkFtZTcwOTU0MTAwMQ@@._V1._SX97_SY140_.jpg,Harold Ramis,Chevy Chase|Beverly D'Angelo|Imogene Coca|Randy Quaid|Anthony Michael Hall
2796,6.1,1988,http://ia.media-imdb.com/images/M/MV5BMTI4MTAwMzM2Ml5BMl5BanBnXkFtZTYwMjQwMTY5._V1._SX100_SY139_.jpg,George Roy Hill,Chevy Chase|Madolyn Smith Osborne|Kevin O'Morrison|Joseph Maher|Jack Gilpin
2797,7.3,1988,http://ia.media-imdb.com/images/M/MV5BNDk0OTM1Mzk3M15BMl5BanBnXkFtZTgwNDg2NjIyMDE@._V1._SX94_SY140_.jpg,Penny Marshall,Tom Hanks|Elizabeth Perkins|Robert Loggia|John Heard|Jared Rushton
2798,5.2,1990,http://ia.media-imdb.com/images/M/MV5BNTM1MTAzNDc3Ml5BMl5BanBnXkFtZTYwNjEyODQ5._V1._SX99_SY140_.jpg,Dennis Dugan,John Ritter|Jack Warden|Michael Oliver|Gilbert Gottfried|Amy Yasbeck
2799,4.4,1991,http://ia.media-imdb.com/images/M/MV5BMTM3OTYwNTg3OF5BMl5BanBnXkFtZTcwNDc1NDMyMQ@@._V1._SX86_SY140_.jpg,Brian Levant,John Ritter|Michael Oliver|Jack Warden|Laraine Newman|Amy Yasbeck
2800,7.2,1989,http://ia.media-imdb.com/images/M/MV5BMTM0MDQ5MDExOV5BMl5BanBnXkFtZTcwOTE3ODc3Mg@@._V1._SX99_SY140_.jpg,Masami Hata|William T. Hurtz,Gabriel Damon|Mickey Rooney|Rene Auberjonois|Danny Mann|Laura Mooney
2801,6.7,1997,http://ia.media-imdb.com/images/M/MV5BNDE1NzE1MDEyOV5BMl5BanBnXkFtZTcwMDY3MzcyMQ@@._V1._SX98_SY140_.jpg,Gillian Armstrong,Ralph Fiennes|Cate Blanchett|Ciarán Hinds|Tom Wilkinson|Richard Roxburgh
2802,6.0,1988,http://ia.media-imdb.com/images/M/MV5BMjE0MzAyNTc1M15BMl5BanBnXkFtZTcwMTQwMjkxMQ@@._V1._SX100_SY134_.jpg,Robert Towne,Mel Gibson|Michelle Pfeiffer|Kurt Russell|Raul Julia|J.T. Walsh
2803,6.5,1993,http://ia.media-imdb.com/images/M/MV5BMTQwNTc1MDEyMF5BMl5BanBnXkFtZTcwMjUzNjMyMQ@@._V1._SX100_SY137_.jpg,Alan J. Pakula,Julia Roberts|Denzel Washington|Sam Shepard|John Heard|Tony Goldwyn
2804,8.1,1983,http://ia.media-imdb.com/images/M/MV5BMTI1NzY1NjkyMV5BMl5BanBnXkFtZTcwMjYxNjE0MQ@@._V1._SX90_SY140_.jpg,Bob Clark,Melinda Dillon|Darren McGavin|Peter Billingsley|Scott Schwartz|Jean Shepherd
2805,5.8,1999,http://ia.media-imdb.com/images/M/MV5BMTU5MTU0MjExMV5BMl5BanBnXkFtZTcwNDYwOTIyMQ@@._V1._SX100_SY140_.jpg,Kelly Makin,Hugh Grant|James Caan|Jeanne Tripplehorn|Burt Young|James Fox
2806,5.2,1999,http://ia.media-imdb.com/images/M/MV5BMTI1MTMwNzYwM15BMl5BanBnXkFtZTYwMjk1NDQ5._V1._SX96_SY140_.jpg,Kevin Williamson,Helen Mirren|Katie Holmes|Jeffrey Tambor|Barry Watson|Marisa Coughlan
2807,4.1,1999,http://ia.media-imdb.com/images/M/MV5BMjAwNTk4NzYxNl5BMl5BanBnXkFtZTcwNDQ0ODUxMQ@@._V1._SX100_SY140_.jpg,Mic Rodgers,Jean-Claude Van Damme|Michael Jai White|Heidi Schanz|Xander Berkeley|Justin Lazard
2808,5.9,1992,http://ia.media-imdb.com/images/M/MV5BMTczNDI4NDM5Ml5BMl5BanBnXkFtZTcwMzY0NjYyMQ@@._V1._SX99_SY140_.jpg,Roland Emmerich,Jean-Claude Van Damme|Dolph Lundgren|Ally Walker|Ed O'Ross|Jerry Orbach
2809,5.7,1999,http://ia.media-imdb.com/images/M/MV5BMTE5OTI2ODk3NV5BMl5BanBnXkFtZTcwNzA1MTkxMQ@@._V1._SX78_SY140_.jpg,Jeff Franklin,French Stewart|Bridgette Wilson-Sampras|Bill Bellamy|Tyra Banks|Steve Hytner
2810,7.8,1997,http://ia.media-imdb.com/images/M/MV5BNTU2MzMyMzYzMF5BMl5BanBnXkFtZTYwMjY3MjU5._V1._SX77_SY140_.jpg,Satoshi Kon,Junko Iwao|Rica Matsumoto|Shinpachi Tsuji|Masaaki Ôkura|Yôsuke Akimoto
2811,5.9,1998,http://ia.media-imdb.com/images/M/MV5BMjE4MjI0MTAwMl5BMl5BanBnXkFtZTcwMTg3NDEyMQ@@._V1._SX79_SY140_.jpg,Philip Frank Messina,Adam Arkin|David Strathairn|Jon Tenney|Robert Costanzo|Amy Madigan
2812,6.1,1999,http://ia.media-imdb.com/images/M/MV5BMTI4NTc1NDg4NV5BMl5BanBnXkFtZTcwMjU4OTQyMQ@@._V1._SX98_SY140_.jpg,Michael Rymer,Omar Epps|LL Cool J|Nia Long|Stanley Tucci|Hill Harper
2815,5.2,1986,http://ia.media-imdb.com/images/M/MV5BMTc5NzE4OTI0N15BMl5BanBnXkFtZTcwMjIwNDAzMQ@@._V1._SX98_SY140_.jpg,Sidney J. Furie,Louis Gossett Jr.|Jason Gedrick|David Suchet|Larry B. Scott|Caroline Lagerfelt
2816,3.5,1988,http://ia.media-imdb.com/images/M/MV5BMTU3NDA2MDM4MF5BMl5BanBnXkFtZTcwMDE1NjkxMQ@@._V1._SX94_SY140_.jpg,Sidney J. Furie,Louis Gossett Jr.|Mark Humphrey|Stuart Margolin|Alan Scarfe|Sharon Brandon
2817,3.3,1992,http://ia.media-imdb.com/images/M/MV5BNzYxNTQ0NDg2Nl5BMl5BanBnXkFtZTcwMTMyNTYyMQ@@._V1._SX100_SY137_.jpg,John Glen,Louis Gossett Jr.|Rachel McLish|Paul Freeman|Horst Buchholz|Christopher Cazenove
2818,3.0,1995,http://ia.media-imdb.com/images/M/MV5BMTIxMDAzNjYwNV5BMl5BanBnXkFtZTcwNzk5NTYyMQ@@._V1._SX98_SY140_.jpg,Sidney J. Furie,Louis Gossett Jr.|Jason Cadieux|Joanne Vannicola|Max Piersig|Karen Gayle
2819,7.5,1975,http://ia.media-imdb.com/images/M/MV5BMTI4NjYxMTI2MV5BMl5BanBnXkFtZTcwOTg2NzEyMQ@@._V1._SX99_SY140_.jpg,Sydney Pollack,Robert Redford|Faye Dunaway|Cliff Robertson|Max von Sydow|John Houseman
2820,7.4,1964,http://ia.media-imdb.com/images/M/MV5BMTI5MDA5ODIzM15BMl5BanBnXkFtZTcwNDc0NzIyMQ@@._V1._SX100_SY136_.jpg,Bill Colleran|John Gielgud,Richard Burton|Hume Cronyn|Alfred Drake|Eileen Herlie|William Redfield
2822,5.9,1992,http://ia.media-imdb.com/images/M/MV5BMTU5Mzg4NjMxM15BMl5BanBnXkFtZTcwNjUzMjAwMQ@@._V1._SX100_SY131_.jpg,John McTiernan,Sean Connery|Lorraine Bracco|José Wilker|Rodolfo De Alexandre|Francisco Tsiren Tsere Rereme
2823,6.3,1919,http://ia.media-imdb.com/images/M/MV5BMTY1NjAyMzkxNF5BMl5BanBnXkFtZTgwODk2NDk0MjE@._V1._SX100_SY138_.jpg,Fritz Lang,Carl de Vogt|Ressel Orla|Georg John|Lil Dagover|Paul Biensfeldt
2824,7.4,1999,http://ia.media-imdb.com/images/M/MV5BMjEzMTE4MTk0Nl5BMl5BanBnXkFtZTcwOTc5MTYyMQ@@._V1._SX98_SY140_.jpg,Nanette Burstein|Brett Morgen,Sam Doumit|Martin Goldman|Harry Keitt|Randy Little|Tyrene Manson
2826,6.6,1999,http://ia.media-imdb.com/images/M/MV5BMTcxNTUxODYyN15BMl5BanBnXkFtZTYwMjgwMjY5._V1._SX98_SY140_.jpg,John McTiernan|Michael Crichton,Antonio Banderas|Vladimir Kulich|Dennis Storhøi|Daniel Southern|Neil Maffin
2827,5.3,1999,http://ia.media-imdb.com/images/M/MV5BMTcxMzM3NTcyNV5BMl5BanBnXkFtZTYwODAwOTc5._V1._SX95_SY140_.jpg,Rand Ravich,Johnny Depp|Charlize Theron|Joe Morton|Clea DuVall|Donna Murphy
2828,3.8,1999,http://ia.media-imdb.com/images/M/MV5BMjA1MzYxNzY0N15BMl5BanBnXkFtZTcwOTUyOTMyMQ@@._V1._SX99_SY140_.jpg,Hugh Wilson,Brendan Fraser|Sarah Jessica Parker|Alfred Molina|Eric Idle|Robert Prosky
2829,5.6,1999,http://ia.media-imdb.com/images/M/MV5BMTUzNTczNjQ5OV5BMl5BanBnXkFtZTcwNzkxOTMyMQ@@._V1._SX87_SY140_.jpg,Albert Brooks,Albert Brooks|Sharon Stone|Andie MacDowell|Jeff Bridges|Cybill Shepherd
2830,7.9,1998,http://ia.media-imdb.com/images/M/MV5BMTY0ODc5ODgxOV5BMl5BanBnXkFtZTYwOTkyMjk5._V1._SX89_SY140_.jpg,Goran Paskaljevic,Mira Banjac|Ivan Bekjarev|Aleksandar Bercek|Vojislav Brajovic|Azra Cengic
2831,6.3,1999,http://ia.media-imdb.com/images/M/MV5BMTI5Mzg1NTY1MF5BMl5BanBnXkFtZTcwMzczOTEyMQ@@._V1._SX98_SY140_.jpg,Kevin Brodie,Jack Warden|Jeremy James Kissner|Jesse James|Jon Voight|Cheryl Ladd
2832,6.6,1999,http://ia.media-imdb.com/images/M/MV5BMzE5MjE2ODUwN15BMl5BanBnXkFtZTcwODgwNjcxMQ@@._V1._SX98_SY140_.jpg,Chris Menges,Daniel Auteuil|Nastassja Kinski|Katrin Cartlidge|Marianne Denicourt|Ciarán Hinds
2834,6.4,1998,http://ia.media-imdb.com/images/M/MV5BMTM3ODgwMjg4Nl5BMl5BanBnXkFtZTcwODYwOTMyMQ@@._V1._SX100_SY135_.jpg,Nick Hamm,Monica Potter|Rufus Sewell|Tom Hollander|Joseph Fiennes|Ray Winstone
2835,5.2,1999,http://ia.media-imdb.com/images/M/MV5BMTIwNjQzNjgwMV5BMl5BanBnXkFtZTcwMjM4NzEyMQ@@._V1._SX100_SY133_.jpg,Hugh Johnson,Cuba Gooding Jr.|Skeet Ulrich|Peter Firth|David Paymer|Hudson Leick
2836,6.4,1999,http://ia.media-imdb.com/images/M/MV5BMTMyODE2NjA0Nl5BMl5BanBnXkFtZTcwNzIzODgxMQ@@._V1._SX95_SY140_.jpg,Michael Corrente,Shawn Hatosy|Tommy Bone|Samantha Lavigne|Jonathan Brandis|Adam LaVorgna
2837,6.6,1998,http://ia.media-imdb.com/images/M/MV5BMTc1OTMxODA3M15BMl5BanBnXkFtZTcwMTY1MDE2MQ@@._V1._SX98_SY140_.jpg,Rose Troche,Kevin McKidd|Julie Graham|Simon Callow|Con O'Neill|Harriet Walter
2839,7.8,1998,http://ia.media-imdb.com/images/M/MV5BMTc2ODQ3Mzk5Nl5BMl5BanBnXkFtZTYwMzM0MTk5._V1._SX94_SY140_.jpg,Ziad Doueiri,Rami Doueiri|Naamar Sahli|Mohamad Chamas|Rola Al Amin|Carmen Lebbos
2840,6.2,1999,http://ia.media-imdb.com/images/M/MV5BMTQwMDA1NzI4OV5BMl5BanBnXkFtZTcwNzM4MjM3NA@@._V1._SX98_SY140_.jpg,Rupert Wainwright,Patricia Arquette|Gabriel Byrne|Jonathan Pryce|Nia Long|Thomas Kopache
2841,7.0,1999,http://ia.media-imdb.com/images/M/MV5BMTU0OTAyMDQzNV5BMl5BanBnXkFtZTcwNTg1NjYyMQ@@._V1._SX97_SY140_.jpg,David Koepp,Zachary David Cope|Kevin Bacon|Kathryn Erbe|Illeana Douglas|Kevin Dunn
2842,6.2,1999,http://ia.media-imdb.com/images/M/MV5BODI1MTUxMTU1OV5BMl5BanBnXkFtZTcwNzc3NDYyMQ@@._V1._SX99_SY140_.jpg,Mike Barker,Alessandro Nivola|Reese Witherspoon|Josh Brolin|Gene Wolande|Jonathan McMurtry
2843,8.1,1998,http://ia.media-imdb.com/images/M/MV5BMTI0OTk0MDQ5Nl5BMl5BanBnXkFtZTcwOTMyMzMzMQ@@._V1._SX99_SY140_.jpg,Emir Kusturica,Bajram Severdzan|Srdjan Todorovic|Branka Katic|Florijan Ajdini|Ljubica Adzovic
2844,6.2,1999,http://ia.media-imdb.com/images/M/MV5BMjA4NDQzODMzM15BMl5BanBnXkFtZTcwNTAxOTEyMQ@@._V1._SX94_SY140_.jpg,Hampton Fancher,Owen Wilson|Sheryl Crow|Dwight Yoakam|Dennis Haysbert|Alex Warren
2845,5.3,1999,http://ia.media-imdb.com/images/M/MV5BMTY3MTU4ODE2M15BMl5BanBnXkFtZTcwODg3MzcyMQ@@._V1._SX99_SY140_.jpg,Marc Levin,Danny Hoch|Dash Mihok|Mark Webber|Piper Perabo|Terence Mueller
2846,7.2,1986,http://ia.media-imdb.com/images/M/MV5BMjA1MDcyNDk0Nl5BMl5BanBnXkFtZTYwNDkxNzg5._V1._SX92_SY140_.jpg,Masanori Hata,Kyôko Koizumi|Søren Kragh-Jacobsen|Milo|Dudley Moore|Otis
2847,7.7,1939,http://ia.media-imdb.com/images/M/MV5BMTUyNTUwMDA2OF5BMl5BanBnXkFtZTgwMjAxOTMyMjE@._V1._SX93_SY140_.jpg,Howard Hawks,Cary Grant|Jean Arthur|Richard Barthelmess|Rita Hayworth|Thomas Mitchell
2848,7.8,1952,http://ia.media-imdb.com/images/M/MV5BMzc4OTAxMTk5OF5BMl5BanBnXkFtZTgwNTkzNTE0MTE@._V1._SX96_SY140_.jpg,Orson Welles,Orson Welles|Micheál MacLiammóir|Robert Coote|Suzanne Cloutier|Hilton Edwards
2849,5.9,1991,http://ia.media-imdb.com/images/M/MV5BMTI3OTk3NjMzMF5BMl5BanBnXkFtZTcwMzExMzgzMQ@@._V1._SX100_SY100_.jpg,Steve Rash,Kevin Bacon|Linda Fiorentino|John Malkovich|Joe Mantegna|Ken Olin
2851,5.0,1980,http://ia.media-imdb.com/images/M/MV5BMTU3MTM4NTc1Nl5BMl5BanBnXkFtZTcwMzA0MjAwMQ@@._V1._SX95_SY140_.jpg,Stanley Donen|John Barry,Farrah Fawcett|Kirk Douglas|Harvey Keitel|Ed Bishop|Roy Dotrice
2852,7.2,1984,http://ia.media-imdb.com/images/M/MV5BMTI3NTEwMjgxNF5BMl5BanBnXkFtZTcwNjgyMTkyMQ@@._V1._SX100_SY132_.jpg,Norman Jewison,Howard E. Rollins Jr.|Adolph Caesar|Art Evans|David Alan Grier|David Harris
2853,6.5,1976,http://ia.media-imdb.com/images/M/MV5BMTY5ODc1MDIyMl5BMl5BanBnXkFtZTcwNTM1MzI0MQ@@._V1._SX98_SY140_.jpg,Alfred Sole,Linda Miller|Mildred Clinton|Paula E. Sheppard|Niles McMaster|Jane Lowry
2854,5.1,1973,http://ia.media-imdb.com/images/M/MV5BMTI0ODcyNzg2N15BMl5BanBnXkFtZTcwNDM4NDgyMQ@@._V1._SX99_SY140_.jpg,S.F. Brownrigg,Bill McGhee|Jessie Lee Fulton|Robert Dracup|Harryette Warren|MC Harvey
2855,5.7,1983,http://ia.media-imdb.com/images/M/MV5BMTY2Nzg5MTMwOV5BMl5BanBnXkFtZTcwNTg1MDQyMQ@@._V1._SX100_SY140_.jpg,Joseph Sargent,Cristina Raines|Joe Lambie|Anthony James|Clare Nono|Raleigh Bond
2856,6.2,1965,http://ia.media-imdb.com/images/M/MV5BMTYzMzAwOTY0N15BMl5BanBnXkFtZTcwNDQ1MzkxMQ@@._V1._SX100_SY140_.jpg,William Castle,Joan Crawford|John Ireland|Leif Erickson|Sara Lane|Andi Garrett
2857,7.4,1968,http://ia.media-imdb.com/images/M/MV5BMjA4NjkxNzMxNV5BMl5BanBnXkFtZTcwMTM1MDQ3Nw@@._V1._SX97_SY140_.jpg,George Duning,Ringo Starr|Paul Angelis|John Clive|Dick Emery|Geoffrey Hughes
2858,8.4,1999,http://ia.media-imdb.com/images/M/MV5BMjM4NTI5NzYyNV5BMl5BanBnXkFtZTgwNTkxNTYxMTE@._V1._SX95_SY140_.jpg,Sam Mendes,Kevin Spacey|Annette Bening|Thora Birch|Wes Bentley|Mena Suvari
2859,8.4,1984,http://ia.media-imdb.com/images/M/MV5BNzY5MDQ3MTE1M15BMl5BanBnXkFtZTcwODA2NjIyMQ@@._V1._SX97_SY140_.jpg,Jonathan Demme,Bernie Worrell|Alex Weir|Steven Scales|Lynn Mabry|Ednah Holt
2860,6.2,1999,http://ia.media-imdb.com/images/M/MV5BMjA1NDQ2MDU0MV5BMl5BanBnXkFtZTcwNjU2MDQyMQ@@._V1._SX99_SY140_.jpg,Les Mayfield,Martin Lawrence|Luke Wilson|Peter Greene|Dave Chappelle|Nicole Ari Parker
2861,6.5,1999,http://ia.media-imdb.com/images/M/MV5BMTcyMDk1ODM5N15BMl5BanBnXkFtZTYwNjYzNzQ5._V1._SX96_SY140_.jpg,Sam Raimi,Kevin Costner|Kelly Preston|John C. Reilly|Jena Malone|Brian Cox
2862,5.2,1979,http://ia.media-imdb.com/images/M/MV5BMTI1MzUzNTEyOV5BMl5BanBnXkFtZTcwNzMzNzA1MQ@@._V1._SX100_SY135_.jpg,Tinto Brass|Bob Guccione|Giancarlo Esposito,Malcolm McDowell|Teresa Ann Savoy|Guido Mannari|John Gielgud|Peter O'Toole
2863,7.7,1964,http://ia.media-imdb.com/images/M/MV5BODQ4NjAwOTkyMl5BMl5BanBnXkFtZTgwMDk4ODA3MTE@._V1._SX99_SY140_.jpg,Richard Lester,Ringo Starr|John Lennon|Paul McCartney|George Harrison|Ringo Starr
2864,5.9,1999,http://ia.media-imdb.com/images/M/MV5BMTY4NDk3OTkwMV5BMl5BanBnXkFtZTcwNDExODUyMQ@@._V1._SX78_SY140_.jpg,Gregg Araki,Kathleen Robertson|Johnathon Schaech|Matt Keeslar|Kelly Macdonald|Eric Mabius
2865,6.0,1999,http://ia.media-imdb.com/images/M/MV5BMTYzNTM5NzI2MF5BMl5BanBnXkFtZTYwODY5Mjg5._V1._SX91_SY140_.jpg,Allison Anders|Kurt Voss,Jade Gordon|John Taylor|Michael Des Barres|Martin Kemp|Larry Klein
2866,7.2,1978,http://ia.media-imdb.com/images/M/MV5BMTMwNTQxMzk1OV5BMl5BanBnXkFtZTcwMTUyNDYyMQ@@._V1._SX92_SY140_.jpg,Steve Rash,Gary Busey|Don Stroud|Charles Martin Smith|Conrad Janis|William Jordan
2867,7.1,1985,http://ia.media-imdb.com/images/M/MV5BMTkxNzA2NjUyOF5BMl5BanBnXkFtZTgwMzQzNTcxMTE@._V1._SX92_SY140_.jpg,Tom Holland,Chris Sarandon|William Ragsdale|Amanda Bearse|Roddy McDowall|Stephen Geoffreys
2868,5.8,1988,http://ia.media-imdb.com/images/M/MV5BMTIwNTU5MzE5MV5BMl5BanBnXkFtZTcwNjAwNzAyMQ@@._V1._SX97_SY140_.jpg,Tommy Lee Wallace,Roddy McDowall|William Ragsdale|Traci Lind|Julie Carmen|Jon Gries
2870,7.0,1967,http://ia.media-imdb.com/images/M/MV5BMTMwNjc2MTY0M15BMl5BanBnXkFtZTcwNDgzMDQyMQ@@._V1._SX98_SY140_.jpg,Gene Saks,Robert Redford|Jane Fonda|Charles Boyer|Mildred Natwick|Herb Edelman
2871,7.8,1972,http://ia.media-imdb.com/images/M/MV5BMTA0MjAyNjY5MDReQTJeQWpwZ15BbWU4MDU5ODI3NTAx._V1._SX95_SY140_.jpg,John Boorman,Jon Voight|Burt Reynolds|Ned Beatty|Ronny Cox|Ed Ramey
2872,7.4,1981,http://ia.media-imdb.com/images/M/MV5BMTQ3OTA5NjY3OV5BMl5BanBnXkFtZTcwNjAxOTI3MQ@@._V1._SX90_SY140_.jpg,John Boorman,Nigel Terry|Helen Mirren|Nicholas Clay|Cherie Lunghi|Paul Geoffrey
2873,6.3,1998,http://ia.media-imdb.com/images/M/MV5BMTY5NTAwNzA0MF5BMl5BanBnXkFtZTYwODI3MTc4._V1._SX91_SY140_.jpg,Paul Auster,Harvey Keitel|Richard Edson|Don Byron|Kevin Corrigan|Mira Sorvino
2874,6.9,1957,http://ia.media-imdb.com/images/M/MV5BMjE1NTM0MjIzNF5BMl5BanBnXkFtZTgwMjYyNjIzMTE@._V1._SX95_SY140_.jpg,George Abbott|Stanley Donen,Doris Day|John Raitt|Carol Haney|Eddie Foy Jr.|Reta Shaw
2875,6.1,1993,http://ia.media-imdb.com/images/M/MV5BMTQ0MDA1MzU2NF5BMl5BanBnXkFtZTcwNjM3ODAwMQ@@._V1._SX100_SY138_.jpg,Jon Amiel,Richard Gere|Jodie Foster|Bill Pullman|James Earl Jones|Lanny Flaherty
2876,6.3,1994,http://ia.media-imdb.com/images/M/MV5BMTc0NzM4NDc5N15BMl5BanBnXkFtZTcwMTU4MTU1MQ@@._V1._SX99_SY140_.jpg,Don Bluth|Gary Goldman,Gino Conforti|Barbara Cook|Jodi Benson|Will Ryan|June Foray
2877,6.6,1975,http://ia.media-imdb.com/images/M/MV5BMjMyNjkxNjE3Nl5BMl5BanBnXkFtZTgwNDc2OTkwMDE@._V1._SX95_SY140_.jpg,Ken Russell,Oliver Reed|Ann-Margret|Roger Daltrey|Elton John|Eric Clapton
2878,5.8,1981,http://ia.media-imdb.com/images/M/MV5BMTI1NTEyNDg4MF5BMl5BanBnXkFtZTcwNDY5NjYxMQ@@._V1._SX100_SY138_.jpg,Tom DeSimone,Linda Blair|Vincent Van Patten|Peter Barton|Kevin Brophy|Jenny Neumann
2879,7.2,1991,http://ia.media-imdb.com/images/M/MV5BMTg4MjE5ODUwOF5BMl5BanBnXkFtZTYwODM0Nzk4._V1._SX100_SY140_.jpg,Jackie Chan,Jackie Chan|Carol 'Do Do' Cheng|Eva Cobo|Shôko Ikeda|Aldo Sambrell
2880,7.0,1986,http://ia.media-imdb.com/images/M/MV5BMTIyMjgwMTE3OF5BMl5BanBnXkFtZTcwNjQ1MzMyMQ@@._V1._SX82_SY140_.jpg,Jackie Chan|Eric Tsang,Jackie Chan|Alan Tam|Rosamund Kwan|Lola Forner|Bozidar Smiljanic
2881,6.3,1999,http://ia.media-imdb.com/images/M/MV5BMTQ3OTU3MTIyNV5BMl5BanBnXkFtZTcwMDY0NjIyMQ@@._V1._SX98_SY140_.jpg,Bruce Beresford,Tommy Lee Jones|Ashley Judd|Benjamin Weir|Jay Brazeau|Bruce Greenwood
